country_name,total_revenue,total_profit,total_orders,avg_margin,return_rate,avg_order_value
Austria,28629.0,16190.0,69,39.21,17.0,414.91
Croatia,14249.37,6573.37,52,40.33,10.0,274.03
Czech Republic,33098.43,17368.43,119,42.02,8.0,278.14
Germany,48667.94,26580.94,145,40.59,14.0,335.64
Hungary,23259.04,12821.04,67,40.55,18.0,347.15
Poland,49127.77,24877.77,166,41.34,11.0,295.95
Romania,18559.18,10511.18,56,41.4,9.0,331.41
Slovakia,28418.94,15412.94,75,39.38,11.0,378.92
Slovenia,17439.36,9156.36,49,40.38,10.0,355.91
